-- phpMyAdmin SQL Dump
-- version 4.8.3
-- https://www.phpmyadmin.net/
--
-- Host: localhost:3306
-- Generation Time: Aug 19, 2020 at 05:39 AM
-- Server version: 5.7.24
-- PHP Version: 7.3.7

SET SQL_MODE = "NO_AUTO_VALUE_ON_ZERO";
SET AUTOCOMMIT = 0;
START TRANSACTION;
SET time_zone = "+00:00";


/*!40101 SET @OLD_CHARACTER_SET_CLIENT=@@CHARACTER_SET_CLIENT */;
/*!40101 SET @OLD_CHARACTER_SET_RESULTS=@@CHARACTER_SET_RESULTS */;
/*!40101 SET @OLD_COLLATION_CONNECTION=@@COLLATION_CONNECTION */;
/*!40101 SET NAMES utf8mb4 */;

--
-- Database: `week4_database`
--

-- --------------------------------------------------------

--
-- Table structure for table `category`
--

CREATE TABLE `category` (
  `category_id` int(11) NOT NULL,
  `category_name` varchar(50) NOT NULL,
  `category_status` varchar(50) NOT NULL
) ENGINE=InnoDB DEFAULT CHARSET=utf8;

--
-- Dumping data for table `category`
--

INSERT INTO `category` (`category_id`, `category_name`, `category_status`) VALUES
(1, 'Makanan', '1'),
(2, 'Minuman', '1'),
(3, 'Dessert', '1'),
(4, '', '');

-- --------------------------------------------------------

--
-- Table structure for table `history`
--

CREATE TABLE `history` (
  `history_id` int(11) NOT NULL,
  `invoice` int(6) NOT NULL,
  `history_subtotal` int(11) NOT NULL,
  `created_at` timestamp NOT NULL DEFAULT CURRENT_TIMESTAMP
) ENGINE=InnoDB DEFAULT CHARSET=utf8;

--
-- Dumping data for table `history`
--

INSERT INTO `history` (`history_id`, `invoice`, `history_subtotal`, `created_at`) VALUES
(1, 456815, 50000, '2020-08-13 11:57:24'),
(2, 789456, 45000, '2020-08-13 12:01:58'),
(3, 6338, 450876, '2020-08-14 12:56:57'),
(4, 736535, 20000, '2020-08-14 12:57:30'),
(5, 215705, 20000, '2020-08-15 09:42:22'),
(6, 293383, 20000, '2020-08-15 09:56:30'),
(7, 714349, 20000, '2020-08-15 09:56:44'),
(8, 799567, 20000, '2020-08-15 09:59:29'),
(9, 889466, 0, '2020-08-15 10:56:00'),
(10, 375957, 0, '2020-08-15 10:56:53'),
(11, 564913, 0, '2020-08-15 10:58:37'),
(12, 61373, 0, '2020-08-15 10:58:43'),
(13, 244533, 0, '2020-08-15 11:05:26'),
(14, 225513, 0, '2020-08-15 11:06:17'),
(15, 779251, 0, '2020-08-15 11:06:39'),
(16, 338843, 0, '2020-08-15 11:10:07'),
(17, 328043, 0, '2020-08-15 11:18:26'),
(18, 303735, 0, '2020-08-15 11:18:54'),
(19, 231366, 0, '2020-08-15 11:19:27'),
(20, 907895, 0, '2020-08-15 11:22:50'),
(21, 971407, 0, '2020-08-15 11:38:20'),
(22, 615431, 0, '2020-08-15 11:39:49'),
(23, 697561, 0, '2020-08-15 11:40:03'),
(24, 761655, 0, '2020-08-15 11:41:51'),
(25, 476711, 0, '2020-08-15 11:42:25'),
(26, 779719, 0, '2020-08-15 11:42:56'),
(27, 128004, 0, '2020-08-15 11:43:48'),
(28, 558527, 0, '2020-08-15 11:45:11'),
(29, 387383, 0, '2020-08-15 11:45:54'),
(30, 867606, 0, '2020-08-15 11:46:05'),
(31, 981604, 0, '2020-08-15 11:46:24'),
(32, 817437, 0, '2020-08-15 11:46:42'),
(33, 190473, 0, '2020-08-15 11:47:07'),
(34, 137134, 0, '2020-08-15 11:47:29'),
(35, 312251, 0, '2020-08-15 11:48:04'),
(36, 532651, 0, '2020-08-15 11:50:28'),
(37, 689263, 0, '2020-08-15 11:52:21'),
(38, 905749, 0, '2020-08-15 11:52:42'),
(39, 354877, 0, '2020-08-15 11:54:35'),
(40, 955094, 0, '2020-08-15 11:54:58'),
(41, 105906, 0, '2020-08-15 11:58:18'),
(42, 376692, 0, '2020-08-15 11:58:49'),
(43, 492131, 0, '2020-08-15 11:59:53'),
(44, 211631, 0, '2020-08-15 12:00:14'),
(45, 221683, 0, '2020-08-15 12:00:52'),
(46, 41173, 0, '2020-08-15 14:13:35'),
(47, 216866, 0, '2020-08-15 14:13:54'),
(48, 280937, 0, '2020-08-15 14:17:54'),
(49, 33586, 0, '2020-08-15 14:30:18'),
(50, 618119, 0, '2020-08-15 14:33:25'),
(51, 51088, 0, '2020-08-15 14:34:01'),
(52, 921729, 0, '2020-08-15 14:34:31'),
(53, 940139, 0, '2020-08-15 14:34:56'),
(54, 488665, 0, '2020-08-15 14:35:12'),
(55, 186581, 0, '2020-08-15 14:36:01'),
(56, 941929, 0, '2020-08-15 14:36:05'),
(57, 236650, 0, '2020-08-15 14:38:16'),
(58, 29442, 0, '2020-08-15 14:38:53'),
(59, 63738, 0, '2020-08-15 14:39:39'),
(60, 618033, 0, '2020-08-15 14:40:57'),
(61, 398759, 0, '2020-08-15 14:43:49'),
(62, 681657, 0, '2020-08-15 14:48:29'),
(63, 724458, 0, '2020-08-15 14:48:56'),
(64, 738655, 0, '2020-08-15 14:52:06'),
(65, 552170, 0, '2020-08-15 14:52:20'),
(66, 118174, 0, '2020-08-15 15:01:21'),
(67, 408703, 0, '2020-08-15 15:03:45'),
(68, 732547, 0, '2020-08-15 15:06:49'),
(69, 456015, 0, '2020-08-15 15:10:26'),
(70, 954558, 0, '2020-08-15 15:18:14'),
(71, 470492, 0, '2020-08-15 15:28:19'),
(72, 418406, 0, '2020-08-15 15:29:27'),
(73, 980010, 0, '2020-08-15 15:43:49'),
(74, 383243, 0, '2020-08-15 15:54:37'),
(75, 615008, 0, '2020-08-15 16:27:13'),
(76, 775018, 0, '2020-08-15 16:27:59'),
(77, 405921, 0, '2020-08-15 16:28:25'),
(78, 737559, 0, '2020-08-15 16:30:46'),
(79, 120089, 0, '2020-08-15 16:35:31'),
(80, 942028, 0, '2020-08-15 16:37:33'),
(81, 987830, 0, '2020-08-15 16:41:51'),
(82, 616329, 0, '2020-08-16 03:41:16'),
(83, 691557, 110000, '2020-08-16 03:43:19'),
(84, 775571, 0, '2020-08-16 03:52:16'),
(85, 87225, 0, '2020-08-16 03:55:41'),
(86, 817195, 0, '2020-08-16 03:57:33'),
(87, 638032, 0, '2020-08-16 04:01:24'),
(88, 53638, 33000, '2020-08-16 04:04:48'),
(89, 252486, 0, '2020-08-16 04:10:31'),
(90, 256818, 110000, '2020-08-16 04:13:29'),
(91, 831399, 0, '2020-08-16 04:21:06'),
(92, 213168, 0, '2020-08-16 04:22:56'),
(93, 266058, 0, '2020-08-16 04:32:57'),
(94, 427748, 0, '2020-08-16 04:33:47'),
(95, 409914, 0, '2020-08-16 04:35:43'),
(96, 872314, 0, '2020-08-16 04:36:31'),
(97, 64934, 0, '2020-08-16 04:46:36'),
(98, 354692, 0, '2020-08-16 04:47:30'),
(99, 2681, 0, '2020-08-16 04:47:54'),
(100, 892393, 0, '2020-08-16 04:48:31'),
(101, 253587, 0, '2020-08-16 04:49:19'),
(102, 104034, 0, '2020-08-16 04:49:42'),
(103, 824535, 0, '2020-08-16 04:50:02'),
(104, 877764, 0, '2020-08-16 04:51:05'),
(105, 51185, 0, '2020-08-16 04:51:54'),
(106, 919013, 0, '2020-08-16 04:52:29'),
(107, 687073, 0, '2020-08-16 04:54:17'),
(108, 739505, 0, '2020-08-16 04:56:05'),
(109, 251036, 0, '2020-08-16 04:56:18'),
(110, 725331, 0, '2020-08-16 04:59:51'),
(111, 685975, 0, '2020-08-16 05:01:04'),
(112, 544702, 0, '2020-08-16 05:03:02'),
(113, 616638, 0, '2020-08-16 05:04:59'),
(114, 898329, 0, '2020-08-16 05:05:18'),
(115, 235462, 0, '2020-08-16 05:05:44'),
(116, 321267, 0, '2020-08-16 05:12:21'),
(117, 271242, 0, '2020-08-16 05:17:23'),
(118, 318233, 0, '2020-08-16 05:21:13'),
(119, 369619, 0, '2020-08-16 05:21:32'),
(120, 930124, 0, '2020-08-16 05:23:00'),
(121, 490946, 0, '2020-08-16 05:24:27'),
(122, 294220, 0, '2020-08-16 05:27:51'),
(123, 816817, 0, '2020-08-16 05:30:02'),
(124, 74497, 0, '2020-08-16 05:32:49'),
(125, 3677, 0, '2020-08-16 05:35:24'),
(126, 18153, 0, '2020-08-16 05:37:24'),
(127, 298379, 0, '2020-08-16 05:55:01'),
(128, 659817, 0, '2020-08-16 05:55:37'),
(129, 224801, 0, '2020-08-16 05:55:59'),
(130, 665911, 0, '2020-08-16 05:57:13'),
(131, 863801, 0, '2020-08-16 05:57:58'),
(132, 882794, 0, '2020-08-16 05:58:19'),
(133, 432236, 0, '2020-08-16 06:03:49'),
(134, 60077, 0, '2020-08-16 06:04:57'),
(135, 989887, 0, '2020-08-16 06:08:49'),
(136, 781757, 0, '2020-08-16 06:10:41'),
(137, 954601, 0, '2020-08-16 06:10:58'),
(138, 56016, 0, '2020-08-16 06:17:00'),
(139, 107890, 0, '2020-08-16 06:19:12'),
(140, 588541, 0, '2020-08-16 06:20:16'),
(141, 171072, 0, '2020-08-16 06:20:45'),
(142, 177153, 0, '2020-08-16 06:27:37'),
(143, 569495, 0, '2020-08-16 06:28:09'),
(144, 687212, 0, '2020-08-16 06:29:41'),
(145, 751710, 0, '2020-08-16 06:30:02'),
(146, 362825, 0, '2020-08-16 06:30:13'),
(147, 427422, 0, '2020-08-16 06:30:45'),
(148, 885261, 0, '2020-08-16 06:35:43'),
(149, 285757, 0, '2020-08-16 06:36:08'),
(150, 525962, 0, '2020-08-16 06:37:20'),
(151, 532587, 0, '2020-08-16 06:37:28'),
(152, 355032, 0, '2020-08-16 06:38:43'),
(153, 26714, 0, '2020-08-16 06:39:19'),
(154, 700284, 0, '2020-08-16 06:47:54'),
(155, 519548, 0, '2020-08-16 06:50:03'),
(156, 876328, 0, '2020-08-16 06:50:12'),
(157, 114495, 0, '2020-08-16 06:53:31'),
(158, 254222, 0, '2020-08-16 06:56:05'),
(159, 89278, 0, '2020-08-16 06:56:45'),
(160, 647116, 0, '2020-08-16 06:57:28'),
(161, 149807, 0, '2020-08-16 09:40:53'),
(162, 851307, 0, '2020-08-16 09:41:23'),
(163, 867250, 0, '2020-08-16 09:41:43'),
(164, 879126, 0, '2020-08-16 09:42:15'),
(165, 864535, 0, '2020-08-16 09:43:15'),
(166, 907530, 0, '2020-08-16 09:44:02'),
(167, 14120, 0, '2020-08-16 09:44:15'),
(168, 558926, 0, '2020-08-16 09:44:27'),
(169, 859027, 0, '2020-08-16 09:44:40'),
(170, 457874, 0, '2020-08-16 09:45:11'),
(171, 9306, 0, '2020-08-16 09:46:31'),
(172, 343686, 0, '2020-08-16 09:47:02'),
(173, 658410, 0, '2020-08-16 09:49:20'),
(174, 232273, 0, '2020-08-16 09:50:50'),
(175, 714081, 0, '2020-08-16 09:52:11'),
(176, 659219, 0, '2020-08-16 09:52:54'),
(177, 502212, 0, '2020-08-16 09:54:58'),
(178, 762724, 0, '2020-08-16 09:55:10'),
(179, 53097, 0, '2020-08-16 09:55:33'),
(180, 793780, 0, '2020-08-16 09:55:47'),
(181, 608005, 0, '2020-08-16 09:56:01'),
(182, 18826, 0, '2020-08-16 09:59:51'),
(183, 587565, 0, '2020-08-16 10:00:26'),
(184, 642082, 0, '2020-08-16 10:01:34'),
(185, 856580, 0, '2020-08-16 10:02:07'),
(186, 454318, 0, '2020-08-16 10:03:06'),
(187, 229642, 0, '2020-08-16 10:04:22'),
(188, 568401, 0, '2020-08-16 10:05:26'),
(189, 380892, 0, '2020-08-16 10:06:23'),
(190, 627047, 0, '2020-08-16 10:06:48'),
(191, 486419, 0, '2020-08-16 10:06:58'),
(192, 871284, 0, '2020-08-16 10:07:48'),
(193, 652094, 0, '2020-08-16 10:09:05'),
(194, 196337, 0, '2020-08-16 10:34:42'),
(195, 278145, 0, '2020-08-16 10:38:22'),
(196, 710382, 0, '2020-08-16 10:39:04'),
(197, 120740, 0, '2020-08-16 10:40:31'),
(198, 431175, 0, '2020-08-16 10:49:02'),
(199, 61430, 0, '2020-08-16 10:52:21'),
(200, 601842, 0, '2020-08-16 10:53:54'),
(201, 855825, 0, '2020-08-16 10:54:14'),
(202, 200294, 0, '2020-08-16 10:54:51'),
(203, 276264, 0, '2020-08-16 11:00:37'),
(204, 439153, 0, '2020-08-16 11:01:12'),
(205, 233612, 0, '2020-08-16 11:05:49'),
(206, 956123, 0, '2020-08-16 11:07:00'),
(207, 577062, 0, '2020-08-16 11:07:09'),
(208, 150918, 0, '2020-08-16 11:08:00'),
(209, 43534, 0, '2020-08-16 11:08:30'),
(210, 33406, 0, '2020-08-16 11:09:05'),
(211, 898812, 0, '2020-08-16 11:09:39'),
(212, 276935, 0, '2020-08-16 11:09:58'),
(213, 205970, 0, '2020-08-16 11:10:33'),
(214, 963858, 0, '2020-08-16 11:10:58'),
(215, 405703, 0, '2020-08-16 11:11:09'),
(216, 679830, 0, '2020-08-16 11:13:11'),
(217, 805690, 0, '2020-08-16 11:14:07'),
(218, 410814, 0, '2020-08-16 11:14:17'),
(219, 717620, 0, '2020-08-16 11:16:13'),
(220, 609712, 0, '2020-08-16 11:16:48'),
(221, 399537, 0, '2020-08-16 11:17:20'),
(222, 772741, 0, '2020-08-16 11:17:47'),
(223, 858500, 0, '2020-08-16 11:19:05'),
(224, 184071, 0, '2020-08-16 11:19:22'),
(225, 673655, 0, '2020-08-16 11:20:21'),
(226, 918189, 0, '2020-08-16 11:23:22'),
(227, 778068, 0, '2020-08-16 11:25:11'),
(228, 999195, 0, '2020-08-16 11:25:34'),
(229, 152317, 0, '2020-08-16 11:28:12'),
(230, 177759, 0, '2020-08-16 11:28:45'),
(231, 790933, 0, '2020-08-16 11:30:50'),
(232, 474339, 0, '2020-08-16 11:31:12'),
(233, 361903, 0, '2020-08-16 11:31:44'),
(234, 663156, 0, '2020-08-16 11:32:01'),
(235, 11326, 0, '2020-08-16 11:45:20'),
(236, 996824, 0, '2020-08-16 11:45:35'),
(237, 64292, 0, '2020-08-16 11:46:19'),
(238, 937581, 0, '2020-08-16 11:47:48'),
(239, 284299, 0, '2020-08-16 11:48:04'),
(240, 917710, 0, '2020-08-16 12:10:16'),
(241, 391272, 0, '2020-08-16 12:11:08'),
(242, 736872, 0, '2020-08-16 12:16:05'),
(243, 780163, 0, '2020-08-16 12:16:59'),
(244, 607093, 0, '2020-08-16 12:17:22'),
(245, 870896, 0, '2020-08-16 12:17:41'),
(246, 452640, 0, '2020-08-16 12:17:51'),
(247, 691410, 0, '2020-08-16 12:19:14'),
(248, 138311, 0, '2020-08-16 12:19:23'),
(249, 918887, 0, '2020-08-16 12:29:25'),
(250, 655805, 0, '2020-08-16 12:29:58'),
(251, 192306, 0, '2020-08-16 12:41:25'),
(252, 84399, 0, '2020-08-16 12:42:15'),
(253, 792179, 0, '2020-08-16 12:42:24'),
(254, 206655, 0, '2020-08-16 12:43:51'),
(255, 411171, 0, '2020-08-16 12:44:50'),
(256, 601617, 0, '2020-08-16 12:45:49'),
(257, 836035, 0, '2020-08-16 12:46:16'),
(258, 115057, 0, '2020-08-16 12:47:42'),
(259, 452449, 0, '2020-08-16 12:52:04'),
(260, 779498, 0, '2020-08-16 12:52:52'),
(261, 789586, 0, '2020-08-16 12:53:12'),
(262, 122960, 0, '2020-08-16 12:53:42'),
(263, 957720, 0, '2020-08-16 12:53:55'),
(264, 256282, 0, '2020-08-16 12:55:17'),
(265, 145992, 0, '2020-08-16 12:55:29'),
(266, 918648, 0, '2020-08-16 12:57:51'),
(267, 388216, 0, '2020-08-16 13:04:10'),
(268, 182108, 0, '2020-08-16 13:05:35'),
(269, 726826, 0, '2020-08-16 13:07:23'),
(270, 709130, 0, '2020-08-16 13:07:53'),
(271, 370993, 0, '2020-08-16 13:08:03'),
(272, 343866, 0, '2020-08-16 13:08:12'),
(273, 1312861, 93500, '2020-08-16 13:14:00'),
(274, 1928089, 93500, '2020-08-16 13:18:48'),
(275, 1987692, 93500, '2020-08-16 13:19:50'),
(276, 1071692, 93500, '2020-08-16 13:22:37'),
(277, 1920615, 93500, '2020-08-16 13:24:04'),
(278, 1513176, 93500, '2020-08-16 13:24:30'),
(279, 1181435, 93500, '2020-08-16 13:30:48'),
(280, 1214365, 93500, '2020-08-16 13:33:11'),
(281, 1806528, 93500, '2020-08-16 13:43:20'),
(282, 1700967, 93500, '2020-08-16 13:43:43'),
(283, 1797712, 93500, '2020-08-16 13:45:09'),
(284, 1255610, 93500, '2020-08-16 13:48:29'),
(285, 1677677, 93500, '2020-08-16 13:49:07'),
(286, 1128737, 93500, '2020-08-16 13:51:17'),
(287, 1366792, 93500, '2020-08-16 13:51:49'),
(288, 1712096, 93500, '2020-08-16 13:52:18'),
(289, 1935001, 93500, '2020-08-16 13:54:14'),
(290, 1549840, 148500, '2020-08-16 13:57:53'),
(291, 1106646, 302500, '2020-08-18 02:28:50'),
(292, 1095088, 132000, '2020-08-18 03:06:08'),
(293, 1647910, 132000, '2020-08-18 03:07:37'),
(294, 1467212, 66000, '2020-08-18 03:09:59'),
(295, 1668150, 82500, '2020-08-18 03:11:53'),
(296, 1625991, 82500, '2020-08-18 03:12:35'),
(297, 1055043, 16500, '2020-08-18 03:24:32'),
(298, 1550125, 38500, '2020-08-18 03:24:51'),
(299, 1750999, 66000, '2020-08-18 06:57:24'),
(300, 1868309, 66000, '2020-08-18 06:58:11'),
(301, 1472013, 132000, '2020-08-18 12:48:18'),
(302, 1140352, 264000, '2020-08-18 12:48:36');

-- --------------------------------------------------------

--
-- Table structure for table `menu_items`
--

CREATE TABLE `menu_items` (
  `menu_id` int(11) NOT NULL,
  `category_id` int(11) NOT NULL,
  `menu_name` varchar(50) NOT NULL,
  `menu_price` int(255) NOT NULL,
  `created_at` timestamp NOT NULL DEFAULT CURRENT_TIMESTAMP ON UPDATE CURRENT_TIMESTAMP,
  `updated_at` timestamp NOT NULL DEFAULT CURRENT_TIMESTAMP,
  `menu_status` int(1) NOT NULL
) ENGINE=InnoDB DEFAULT CHARSET=utf8;

--
-- Dumping data for table `menu_items`
--

INSERT INTO `menu_items` (`menu_id`, `category_id`, `menu_name`, `menu_price`, `created_at`, `updated_at`, `menu_status`) VALUES
(3, 3, 'Black Forest', 30000, '2020-08-17 05:28:07', '2020-08-13 05:03:09', 1),
(4, 2, 'Espresso', 20000, '2020-08-14 14:43:00', '2020-08-14 14:42:59', 1),
(6, 1, 'Chicken Katsu', 60000, '2020-08-17 05:29:24', '2020-08-17 05:29:23', 1),
(7, 3, 'Chocorum', 28000, '2020-08-17 05:30:01', '2020-08-17 05:30:01', 1),
(8, 2, 'Cappucino', 28000, '2020-08-17 05:30:17', '2020-08-17 05:30:17', 1),
(9, 1, 'Salmon Truffle', 68000, '2020-08-17 05:30:49', '2020-08-17 05:30:48', 1),
(10, 2, 'Red Velvet Latte', 28000, '2020-08-17 05:31:23', '2020-08-17 05:31:23', 1),
(11, 1, 'Wiener Schnitzel', 60000, '2020-08-17 05:32:27', '2020-08-17 05:32:26', 1),
(12, 2, 'Orange juice', 20000, '2020-08-18 06:55:34', '2020-08-18 06:55:33', 1);

-- --------------------------------------------------------

--
-- Table structure for table `orders`
--

CREATE TABLE `orders` (
  `order_id` int(11) NOT NULL,
  `history_id` int(11) NOT NULL,
  `menu_id` int(11) NOT NULL,
  `qty` int(11) NOT NULL,
  `created_at` timestamp NOT NULL DEFAULT CURRENT_TIMESTAMP,
  `total_price` int(11) NOT NULL
) ENGINE=InnoDB DEFAULT CHARSET=utf8;

--
-- Dumping data for table `orders`
--

INSERT INTO `orders` (`order_id`, `history_id`, `menu_id`, `qty`, `created_at`, `total_price`) VALUES
(1, 1, 1, 1, '2020-08-15 09:37:36', 1),
(2, 1, 2, 3, '2020-08-15 09:37:47', 20000),
(3, 1, 2, 3, '2020-08-15 09:38:16', 20000),
(4, 1, 2, 3, '2020-08-15 09:39:42', 20000),
(5, 1, 2, 3, '2020-08-15 09:40:45', 20000),
(6, 1, 2, 3, '2020-08-15 09:42:22', 20000),
(7, 42, 2, 3, '2020-08-15 10:00:45', 20000),
(8, 48, 1, 3, '2020-08-15 14:17:54', 45000),
(9, 49, 1, 3, '2020-08-15 14:30:18', 45000),
(10, 50, 1, 3, '2020-08-15 14:33:25', 45000),
(11, 51, 1, 3, '2020-08-15 14:34:01', 45000),
(12, 52, 1, 3, '2020-08-15 14:34:32', 45000),
(13, 53, 1, 3, '2020-08-15 14:34:56', 45000),
(14, 54, 1, 3, '2020-08-15 14:35:12', 45000),
(15, 55, 1, 3, '2020-08-15 14:36:01', 45000),
(16, 56, 1, 3, '2020-08-15 14:36:05', 45000),
(17, 57, 1, 3, '2020-08-15 14:38:16', 45000),
(18, 58, 1, 3, '2020-08-15 14:38:53', 45000),
(19, 59, 1, 3, '2020-08-15 14:39:40', 45000),
(20, 60, 1, 3, '2020-08-15 14:40:58', 45000),
(21, 61, 1, 3, '2020-08-15 14:43:49', 45000),
(22, 64, 1, 3, '2020-08-15 14:52:06', 45000),
(23, 65, 1, 3, '2020-08-15 14:52:20', 45000),
(24, 66, 1, 3, '2020-08-15 15:01:21', 45000),
(25, 67, 1, 3, '2020-08-15 15:03:45', 45000),
(26, 68, 1, 3, '2020-08-15 15:06:50', 45000),
(27, 69, 1, 1, '2020-08-15 15:10:26', 15000),
(28, 70, 1, 1, '2020-08-15 15:18:15', 15000),
(29, 71, 1, 1, '2020-08-15 15:28:19', 15000),
(30, 72, 1, 1, '2020-08-15 15:29:27', 15000),
(31, 73, 1, 1, '2020-08-15 15:43:49', 15000),
(32, 77, 3, 2, '2020-08-15 16:28:26', 100000),
(33, 78, 3, 2, '2020-08-15 16:30:46', 100000),
(34, 79, 3, 2, '2020-08-15 16:35:31', 100000),
(35, 80, 3, 2, '2020-08-15 16:37:33', 100000),
(36, 81, 3, 2, '2020-08-15 16:41:52', 100000),
(37, 83, 3, 2, '2020-08-16 03:43:19', 100000),
(38, 88, 1, 2, '2020-08-16 04:04:48', 30000),
(39, 90, 3, 2, '2020-08-16 04:13:29', 100000),
(40, 95, 3, 2, '2020-08-16 04:35:43', 100000),
(41, 95, 3, 2, '2020-08-16 04:35:43', 100000),
(42, 96, 3, 2, '2020-08-16 04:36:31', 100000),
(43, 96, 3, 2, '2020-08-16 04:36:31', 100000),
(44, 97, 3, 2, '2020-08-16 04:46:36', 100000),
(45, 97, 3, 2, '2020-08-16 04:46:36', 100000),
(46, 98, 3, 2, '2020-08-16 04:47:30', 100000),
(47, 98, 3, 2, '2020-08-16 04:47:30', 100000),
(48, 99, 3, 2, '2020-08-16 04:47:54', 100000),
(49, 99, 3, 2, '2020-08-16 04:47:54', 100000),
(50, 100, 3, 2, '2020-08-16 04:48:31', 100000),
(51, 100, 3, 2, '2020-08-16 04:48:31', 100000),
(52, 101, 3, 2, '2020-08-16 04:49:20', 100000),
(53, 101, 3, 2, '2020-08-16 04:49:20', 100000),
(54, 102, 3, 2, '2020-08-16 04:49:42', 100000),
(55, 102, 3, 2, '2020-08-16 04:49:42', 100000),
(56, 103, 3, 2, '2020-08-16 04:50:02', 100000),
(57, 103, 3, 2, '2020-08-16 04:50:02', 100000),
(58, 104, 1, 1, '2020-08-16 04:51:05', 15000),
(59, 104, 3, 2, '2020-08-16 04:51:05', 100000),
(60, 105, 1, 1, '2020-08-16 04:51:54', 15000),
(61, 105, 3, 2, '2020-08-16 04:51:54', 100000),
(62, 106, 1, 1, '2020-08-16 04:52:29', 15000),
(63, 106, 3, 2, '2020-08-16 04:52:29', 100000),
(64, 107, 1, 1, '2020-08-16 04:54:17', 15000),
(65, 107, 3, 2, '2020-08-16 04:54:17', 100000),
(66, 108, 1, 1, '2020-08-16 04:56:06', 15000),
(67, 108, 3, 2, '2020-08-16 04:56:06', 100000),
(68, 109, 1, 1, '2020-08-16 04:56:18', 15000),
(69, 109, 3, 2, '2020-08-16 04:56:18', 100000),
(70, 110, 1, 1, '2020-08-16 04:59:51', 15000),
(71, 110, 3, 2, '2020-08-16 04:59:51', 100000),
(72, 112, 1, 1, '2020-08-16 05:03:02', 15000),
(73, 112, 3, 2, '2020-08-16 05:03:02', 100000),
(74, 113, 1, 1, '2020-08-16 05:04:59', 15000),
(75, 113, 3, 2, '2020-08-16 05:04:59', 100000),
(76, 114, 1, 1, '2020-08-16 05:05:18', 15000),
(77, 114, 3, 2, '2020-08-16 05:05:18', 100000),
(78, 115, 1, 1, '2020-08-16 05:05:44', 15000),
(79, 115, 3, 2, '2020-08-16 05:05:44', 100000),
(80, 116, 1, 1, '2020-08-16 05:12:21', 15000),
(81, 116, 3, 2, '2020-08-16 05:12:21', 100000),
(82, 117, 1, 1, '2020-08-16 05:17:23', 15000),
(83, 117, 3, 2, '2020-08-16 05:17:23', 100000),
(84, 118, 1, 1, '2020-08-16 05:21:13', 15000),
(85, 118, 3, 2, '2020-08-16 05:21:13', 100000),
(86, 119, 1, 1, '2020-08-16 05:21:33', 15000),
(87, 119, 3, 2, '2020-08-16 05:21:33', 100000),
(88, 120, 1, 1, '2020-08-16 05:23:00', 15000),
(89, 120, 3, 2, '2020-08-16 05:23:00', 100000),
(90, 121, 1, 1, '2020-08-16 05:24:27', 15000),
(91, 121, 3, 2, '2020-08-16 05:24:27', 100000),
(92, 122, 1, 1, '2020-08-16 05:27:51', 15000),
(93, 122, 3, 2, '2020-08-16 05:27:51', 100000),
(94, 123, 1, 1, '2020-08-16 05:30:02', 15000),
(95, 123, 3, 2, '2020-08-16 05:30:02', 100000),
(96, 124, 1, 1, '2020-08-16 05:32:49', 15000),
(97, 124, 3, 2, '2020-08-16 05:32:49', 100000),
(98, 125, 1, 1, '2020-08-16 05:35:24', 15000),
(99, 125, 3, 2, '2020-08-16 05:35:24', 100000),
(100, 126, 1, 1, '2020-08-16 05:37:24', 15000),
(101, 126, 3, 2, '2020-08-16 05:37:24', 100000),
(102, 127, 1, 1, '2020-08-16 05:55:01', 15000),
(103, 127, 3, 2, '2020-08-16 05:55:01', 100000),
(104, 128, 1, 1, '2020-08-16 05:55:37', 15000),
(105, 128, 3, 2, '2020-08-16 05:55:37', 100000),
(106, 129, 1, 1, '2020-08-16 05:55:59', 15000),
(107, 129, 3, 2, '2020-08-16 05:55:59', 100000),
(108, 130, 1, 1, '2020-08-16 05:57:13', 15000),
(109, 130, 3, 2, '2020-08-16 05:57:13', 100000),
(110, 131, 1, 1, '2020-08-16 05:57:58', 15000),
(111, 131, 3, 2, '2020-08-16 05:57:58', 100000),
(112, 132, 1, 1, '2020-08-16 05:58:20', 15000),
(113, 132, 3, 2, '2020-08-16 05:58:20', 100000),
(114, 133, 1, 1, '2020-08-16 06:03:49', 15000),
(115, 133, 3, 2, '2020-08-16 06:03:49', 100000),
(116, 134, 1, 1, '2020-08-16 06:04:57', 15000),
(117, 134, 3, 2, '2020-08-16 06:04:57', 100000),
(118, 135, 1, 1, '2020-08-16 06:08:49', 15000),
(119, 135, 3, 2, '2020-08-16 06:08:49', 100000),
(120, 137, 1, 1, '2020-08-16 06:10:58', 15000),
(121, 137, 3, 2, '2020-08-16 06:10:58', 100000),
(122, 140, 1, 1, '2020-08-16 06:20:16', 15000),
(123, 140, 3, 2, '2020-08-16 06:20:16', 100000),
(124, 141, 1, 1, '2020-08-16 06:20:45', 15000),
(125, 141, 3, 2, '2020-08-16 06:20:45', 100000),
(126, 142, 1, 1, '2020-08-16 06:27:37', 15000),
(127, 142, 3, 2, '2020-08-16 06:27:37', 100000),
(128, 143, 1, 1, '2020-08-16 06:28:09', 15000),
(129, 143, 3, 2, '2020-08-16 06:28:09', 100000),
(130, 144, 1, 1, '2020-08-16 06:29:42', 15000),
(131, 144, 3, 2, '2020-08-16 06:29:42', 100000),
(132, 148, 1, 1, '2020-08-16 06:35:43', 15000),
(133, 148, 3, 2, '2020-08-16 06:35:43', 100000),
(134, 149, 1, 1, '2020-08-16 06:36:08', 15000),
(135, 149, 3, 2, '2020-08-16 06:36:08', 100000),
(136, 150, 1, 1, '2020-08-16 06:37:20', 15000),
(137, 150, 3, 2, '2020-08-16 06:37:20', 100000),
(138, 151, 1, 1, '2020-08-16 06:37:29', 15000),
(139, 151, 3, 2, '2020-08-16 06:37:29', 100000),
(140, 154, 1, 1, '2020-08-16 06:47:55', 15000),
(141, 154, 3, 2, '2020-08-16 06:47:55', 100000),
(142, 155, 1, 1, '2020-08-16 06:50:03', 15000),
(143, 155, 3, 2, '2020-08-16 06:50:03', 100000),
(144, 156, 1, 1, '2020-08-16 06:50:12', 15000),
(145, 156, 3, 2, '2020-08-16 06:50:12', 100000),
(146, 157, 1, 1, '2020-08-16 06:53:31', 15000),
(147, 157, 3, 2, '2020-08-16 06:53:31', 100000),
(148, 158, 1, 1, '2020-08-16 06:56:05', 15000),
(149, 158, 3, 2, '2020-08-16 06:56:05', 100000),
(150, 159, 1, 1, '2020-08-16 06:56:45', 15000),
(151, 159, 3, 2, '2020-08-16 06:56:45', 100000),
(152, 160, 1, 1, '2020-08-16 06:57:28', 15000),
(153, 160, 3, 2, '2020-08-16 06:57:28', 100000),
(154, 161, 1, 1, '2020-08-16 09:40:56', 15000),
(155, 161, 3, 2, '2020-08-16 09:40:56', 100000),
(156, 162, 1, 1, '2020-08-16 09:41:23', 15000),
(157, 162, 3, 2, '2020-08-16 09:41:23', 100000),
(158, 163, 1, 1, '2020-08-16 09:41:43', 15000),
(159, 163, 3, 2, '2020-08-16 09:41:43', 100000),
(160, 164, 1, 1, '2020-08-16 09:42:15', 15000),
(161, 164, 3, 1, '2020-08-16 09:42:15', 50000),
(162, 165, 1, 1, '2020-08-16 09:43:15', 15000),
(163, 165, 3, 1, '2020-08-16 09:43:15', 50000),
(164, 166, 1, 1, '2020-08-16 09:44:02', 15000),
(165, 166, 3, 1, '2020-08-16 09:44:02', 50000),
(166, 167, 1, 1, '2020-08-16 09:44:15', 15000),
(167, 167, 3, 1, '2020-08-16 09:44:15', 50000),
(168, 168, 1, 1, '2020-08-16 09:44:27', 15000),
(169, 168, 3, 1, '2020-08-16 09:44:27', 50000),
(170, 169, 1, 1, '2020-08-16 09:44:40', 15000),
(171, 169, 3, 1, '2020-08-16 09:44:40', 50000),
(172, 170, 1, 1, '2020-08-16 09:45:11', 15000),
(173, 170, 3, 1, '2020-08-16 09:45:11', 50000),
(174, 171, 1, 1, '2020-08-16 09:46:31', 15000),
(175, 171, 3, 1, '2020-08-16 09:46:31', 50000),
(176, 172, 1, 1, '2020-08-16 09:47:02', 15000),
(177, 172, 3, 1, '2020-08-16 09:47:02', 50000),
(178, 173, 1, 1, '2020-08-16 09:49:20', 15000),
(179, 173, 3, 1, '2020-08-16 09:49:20', 50000),
(180, 174, 1, 1, '2020-08-16 09:50:51', 15000),
(181, 174, 3, 1, '2020-08-16 09:50:51', 50000),
(182, 175, 1, 1, '2020-08-16 09:52:11', 15000),
(183, 175, 3, 1, '2020-08-16 09:52:11', 50000),
(184, 176, 1, 1, '2020-08-16 09:52:54', 15000),
(185, 176, 3, 1, '2020-08-16 09:52:54', 50000),
(186, 177, 1, 1, '2020-08-16 09:54:58', 15000),
(187, 178, 1, 1, '2020-08-16 09:55:11', 15000),
(188, 179, 1, 1, '2020-08-16 09:55:33', 15000),
(189, 179, 3, 1, '2020-08-16 09:55:33', 50000),
(190, 180, 1, 1, '2020-08-16 09:55:47', 15000),
(191, 180, 3, 1, '2020-08-16 09:55:47', 50000),
(192, 181, 1, 1, '2020-08-16 09:56:01', 15000),
(193, 192, 1, 1, '2020-08-16 10:07:48', 15000),
(194, 192, 3, 1, '2020-08-16 10:07:48', 50000),
(195, 193, 1, 1, '2020-08-16 10:09:05', 15000),
(196, 193, 3, 1, '2020-08-16 10:09:05', 50000),
(197, 194, 1, 1, '2020-08-16 10:34:42', 15000),
(198, 194, 3, 1, '2020-08-16 10:34:42', 50000),
(199, 195, 1, 1, '2020-08-16 10:38:22', 15000),
(200, 195, 3, 1, '2020-08-16 10:38:22', 50000),
(201, 196, 1, 1, '2020-08-16 10:39:04', 15000),
(202, 196, 3, 1, '2020-08-16 10:39:04', 50000),
(203, 203, 1, 1, '2020-08-16 11:00:37', 15000),
(204, 203, 3, 1, '2020-08-16 11:00:37', 50000),
(205, 204, 1, 1, '2020-08-16 11:01:12', 15000),
(206, 204, 3, 1, '2020-08-16 11:01:12', 50000),
(207, 237, 1, 1, '2020-08-16 11:46:20', 15000),
(208, 237, 3, 1, '2020-08-16 11:46:20', 50000),
(209, 237, 4, 1, '2020-08-16 11:46:20', 20000),
(210, 238, 1, 1, '2020-08-16 11:47:48', 15000),
(211, 238, 3, 1, '2020-08-16 11:47:48', 50000),
(212, 238, 4, 1, '2020-08-16 11:47:48', 20000),
(213, 239, 1, 1, '2020-08-16 11:48:04', 15000),
(214, 239, 3, 1, '2020-08-16 11:48:04', 50000),
(215, 239, 4, 1, '2020-08-16 11:48:04', 20000),
(216, 240, 1, 1, '2020-08-16 12:10:17', 15000),
(217, 240, 3, 1, '2020-08-16 12:10:17', 50000),
(218, 240, 4, 1, '2020-08-16 12:10:17', 20000),
(219, 241, 1, 1, '2020-08-16 12:11:08', 15000),
(220, 241, 3, 1, '2020-08-16 12:11:08', 50000),
(221, 241, 4, 1, '2020-08-16 12:11:08', 20000),
(222, 242, 1, 1, '2020-08-16 12:16:05', 15000),
(223, 242, 3, 1, '2020-08-16 12:16:05', 50000),
(224, 242, 4, 1, '2020-08-16 12:16:05', 20000),
(225, 243, 1, 1, '2020-08-16 12:16:59', 15000),
(226, 243, 3, 1, '2020-08-16 12:16:59', 50000),
(227, 243, 4, 1, '2020-08-16 12:16:59', 20000),
(228, 244, 1, 1, '2020-08-16 12:17:22', 15000),
(229, 244, 3, 1, '2020-08-16 12:17:22', 50000),
(230, 244, 4, 1, '2020-08-16 12:17:22', 20000),
(231, 245, 1, 1, '2020-08-16 12:17:41', 15000),
(232, 245, 3, 1, '2020-08-16 12:17:41', 50000),
(233, 245, 4, 1, '2020-08-16 12:17:41', 20000),
(234, 246, 1, 1, '2020-08-16 12:17:51', 15000),
(235, 246, 3, 1, '2020-08-16 12:17:51', 50000),
(236, 246, 4, 1, '2020-08-16 12:17:51', 20000),
(237, 247, 1, 1, '2020-08-16 12:19:14', 15000),
(238, 247, 3, 1, '2020-08-16 12:19:14', 50000),
(239, 247, 4, 1, '2020-08-16 12:19:14', 20000),
(240, 248, 1, 1, '2020-08-16 12:19:23', 15000),
(241, 248, 3, 1, '2020-08-16 12:19:23', 50000),
(242, 248, 4, 1, '2020-08-16 12:19:23', 20000),
(243, 249, 1, 1, '2020-08-16 12:29:25', 15000),
(244, 249, 3, 1, '2020-08-16 12:29:25', 50000),
(245, 249, 4, 1, '2020-08-16 12:29:25', 20000),
(246, 250, 1, 1, '2020-08-16 12:29:58', 15000),
(247, 250, 3, 1, '2020-08-16 12:29:58', 50000),
(248, 250, 4, 1, '2020-08-16 12:29:58', 20000),
(249, 251, 1, 1, '2020-08-16 12:41:25', 15000),
(250, 251, 3, 1, '2020-08-16 12:41:25', 50000),
(251, 251, 4, 1, '2020-08-16 12:41:25', 20000),
(252, 252, 1, 1, '2020-08-16 12:42:15', 15000),
(253, 252, 3, 1, '2020-08-16 12:42:15', 50000),
(254, 252, 4, 1, '2020-08-16 12:42:15', 20000),
(255, 253, 1, 1, '2020-08-16 12:42:24', 15000),
(256, 253, 3, 1, '2020-08-16 12:42:24', 50000),
(257, 253, 4, 1, '2020-08-16 12:42:24', 20000),
(258, 254, 1, 1, '2020-08-16 12:43:51', 15000),
(259, 254, 3, 1, '2020-08-16 12:43:51', 50000),
(260, 254, 4, 1, '2020-08-16 12:43:51', 20000),
(261, 255, 1, 1, '2020-08-16 12:44:50', 15000),
(262, 255, 3, 1, '2020-08-16 12:44:50', 50000),
(263, 255, 4, 1, '2020-08-16 12:44:50', 20000),
(264, 256, 1, 1, '2020-08-16 12:45:49', 15000),
(265, 256, 3, 1, '2020-08-16 12:45:49', 50000),
(266, 256, 4, 1, '2020-08-16 12:45:49', 20000),
(267, 257, 1, 1, '2020-08-16 12:46:17', 15000),
(268, 257, 3, 1, '2020-08-16 12:46:17', 50000),
(269, 257, 4, 1, '2020-08-16 12:46:17', 20000),
(270, 258, 1, 1, '2020-08-16 12:47:42', 15000),
(271, 258, 3, 1, '2020-08-16 12:47:42', 50000),
(272, 258, 4, 1, '2020-08-16 12:47:42', 20000),
(273, 259, 1, 1, '2020-08-16 12:52:04', 15000),
(274, 259, 3, 1, '2020-08-16 12:52:04', 50000),
(275, 259, 4, 1, '2020-08-16 12:52:04', 20000),
(276, 260, 1, 1, '2020-08-16 12:52:52', 15000),
(277, 260, 3, 1, '2020-08-16 12:52:52', 50000),
(278, 260, 4, 1, '2020-08-16 12:52:52', 20000),
(279, 261, 1, 1, '2020-08-16 12:53:12', 15000),
(280, 261, 3, 1, '2020-08-16 12:53:12', 50000),
(281, 261, 4, 1, '2020-08-16 12:53:12', 20000),
(282, 262, 1, 1, '2020-08-16 12:53:43', 15000),
(283, 262, 3, 1, '2020-08-16 12:53:43', 50000),
(284, 262, 4, 1, '2020-08-16 12:53:43', 20000),
(285, 263, 1, 1, '2020-08-16 12:53:55', 15000),
(286, 263, 3, 1, '2020-08-16 12:53:55', 50000),
(287, 263, 4, 1, '2020-08-16 12:53:55', 20000),
(288, 264, 1, 1, '2020-08-16 12:55:17', 15000),
(289, 264, 3, 1, '2020-08-16 12:55:17', 50000),
(290, 264, 4, 1, '2020-08-16 12:55:17', 20000),
(291, 265, 1, 1, '2020-08-16 12:55:29', 15000),
(292, 265, 3, 1, '2020-08-16 12:55:29', 50000),
(293, 265, 4, 1, '2020-08-16 12:55:29', 20000),
(294, 266, 1, 1, '2020-08-16 12:57:51', 15000),
(295, 266, 3, 1, '2020-08-16 12:57:51', 50000),
(296, 266, 4, 1, '2020-08-16 12:57:51', 20000),
(297, 267, 1, 1, '2020-08-16 13:04:10', 15000),
(298, 267, 3, 1, '2020-08-16 13:04:10', 50000),
(299, 267, 4, 1, '2020-08-16 13:04:10', 20000),
(300, 268, 1, 1, '2020-08-16 13:05:35', 15000),
(301, 268, 3, 1, '2020-08-16 13:05:35', 50000),
(302, 268, 4, 1, '2020-08-16 13:05:35', 20000),
(303, 269, 1, 1, '2020-08-16 13:07:23', 15000),
(304, 269, 3, 1, '2020-08-16 13:07:23', 50000),
(305, 269, 4, 1, '2020-08-16 13:07:23', 20000),
(306, 270, 1, 1, '2020-08-16 13:07:53', 15000),
(307, 270, 3, 1, '2020-08-16 13:07:53', 50000),
(308, 270, 4, 1, '2020-08-16 13:07:53', 20000),
(309, 271, 1, 1, '2020-08-16 13:08:03', 15000),
(310, 271, 3, 1, '2020-08-16 13:08:03', 50000),
(311, 271, 4, 1, '2020-08-16 13:08:03', 20000),
(312, 272, 1, 1, '2020-08-16 13:08:12', 15000),
(313, 272, 3, 1, '2020-08-16 13:08:12', 50000),
(314, 272, 4, 1, '2020-08-16 13:08:12', 20000),
(315, 273, 1, 1, '2020-08-16 13:14:00', 15000),
(316, 273, 3, 1, '2020-08-16 13:14:00', 50000),
(317, 273, 4, 1, '2020-08-16 13:14:00', 20000),
(318, 274, 1, 1, '2020-08-16 13:18:48', 15000),
(319, 274, 3, 1, '2020-08-16 13:18:48', 50000),
(320, 274, 4, 1, '2020-08-16 13:18:48', 20000),
(321, 275, 1, 1, '2020-08-16 13:19:50', 15000),
(322, 275, 3, 1, '2020-08-16 13:19:50', 50000),
(323, 275, 4, 1, '2020-08-16 13:19:50', 20000),
(324, 276, 1, 1, '2020-08-16 13:22:37', 15000),
(325, 276, 3, 1, '2020-08-16 13:22:37', 50000),
(326, 276, 4, 1, '2020-08-16 13:22:37', 20000),
(327, 277, 1, 1, '2020-08-16 13:24:04', 15000),
(328, 277, 3, 1, '2020-08-16 13:24:04', 50000),
(329, 277, 4, 1, '2020-08-16 13:24:04', 20000),
(330, 278, 1, 1, '2020-08-16 13:24:30', 15000),
(331, 278, 3, 1, '2020-08-16 13:24:30', 50000),
(332, 278, 4, 1, '2020-08-16 13:24:30', 20000),
(333, 279, 1, 1, '2020-08-16 13:30:48', 15000),
(334, 279, 3, 1, '2020-08-16 13:30:48', 50000),
(335, 279, 4, 1, '2020-08-16 13:30:48', 20000),
(336, 280, 1, 1, '2020-08-16 13:33:11', 15000),
(337, 280, 3, 1, '2020-08-16 13:33:11', 50000),
(338, 280, 4, 1, '2020-08-16 13:33:11', 20000),
(339, 281, 1, 1, '2020-08-16 13:43:20', 15000),
(340, 281, 3, 1, '2020-08-16 13:43:20', 50000),
(341, 281, 4, 1, '2020-08-16 13:43:20', 20000),
(342, 282, 1, 1, '2020-08-16 13:43:43', 15000),
(343, 282, 3, 1, '2020-08-16 13:43:43', 50000),
(344, 282, 4, 1, '2020-08-16 13:43:43', 20000),
(345, 283, 1, 1, '2020-08-16 13:45:09', 15000),
(346, 283, 3, 1, '2020-08-16 13:45:09', 50000),
(347, 283, 4, 1, '2020-08-16 13:45:09', 20000),
(348, 284, 1, 1, '2020-08-16 13:48:29', 15000),
(349, 284, 3, 1, '2020-08-16 13:48:29', 50000),
(350, 284, 4, 1, '2020-08-16 13:48:29', 20000),
(351, 285, 1, 1, '2020-08-16 13:49:08', 15000),
(352, 285, 3, 1, '2020-08-16 13:49:08', 50000),
(353, 285, 4, 1, '2020-08-16 13:49:08', 20000),
(354, 286, 1, 1, '2020-08-16 13:51:17', 15000),
(355, 286, 3, 1, '2020-08-16 13:51:17', 50000),
(356, 286, 4, 1, '2020-08-16 13:51:17', 20000),
(357, 287, 1, 1, '2020-08-16 13:51:49', 15000),
(358, 287, 3, 1, '2020-08-16 13:51:49', 50000),
(359, 287, 4, 1, '2020-08-16 13:51:49', 20000),
(360, 288, 1, 1, '2020-08-16 13:52:18', 15000),
(361, 288, 3, 1, '2020-08-16 13:52:18', 50000),
(362, 288, 4, 1, '2020-08-16 13:52:18', 20000),
(363, 289, 1, 1, '2020-08-16 13:54:14', 15000),
(364, 289, 3, 1, '2020-08-16 13:54:14', 50000),
(365, 289, 4, 1, '2020-08-16 13:54:14', 20000),
(366, 290, 1, 1, '2020-08-16 13:57:53', 15000),
(367, 290, 3, 2, '2020-08-16 13:57:53', 100000),
(368, 290, 4, 1, '2020-08-16 13:57:53', 20000),
(369, 291, 1, 1, '2020-08-18 02:28:51', 15000),
(370, 291, 3, 2, '2020-08-18 02:28:51', 60000),
(371, 291, 4, 1, '2020-08-18 02:28:51', 20000),
(372, 291, 6, 3, '2020-08-18 02:28:51', 180000),
(373, 292, 1, 1, '2020-08-18 03:06:08', 60000),
(374, 292, 3, 2, '2020-08-18 03:06:08', 60000),
(375, 293, 1, 1, '2020-08-18 03:07:37', 60000),
(376, 293, 3, 2, '2020-08-18 03:07:37', 60000),
(377, 294, 1, 1, '2020-08-18 03:09:59', 60000),
(378, 295, 1, 1, '2020-08-18 03:11:54', 60000),
(379, 295, 2, 1, '2020-08-18 03:11:54', 15000),
(380, 296, 1, 1, '2020-08-18 03:12:35', 60000),
(381, 296, 2, 1, '2020-08-18 03:12:35', 15000),
(382, 297, 1, 1, '2020-08-18 03:24:32', 15000),
(383, 298, 1, 1, '2020-08-18 03:24:51', 15000),
(384, 298, 4, 1, '2020-08-18 03:24:51', 20000),
(385, 299, 6, 1, '2020-08-18 06:57:24', 60000),
(386, 300, 6, 1, '2020-08-18 06:58:11', 60000),
(387, 301, 6, 1, '2020-08-18 12:48:18', 60000),
(388, 301, 6, 1, '2020-08-18 12:48:18', 60000),
(389, 302, 6, 1, '2020-08-18 12:48:36', 60000),
(390, 302, 6, 1, '2020-08-18 12:48:36', 60000),
(391, 302, 6, 1, '2020-08-18 12:48:36', 60000),
(392, 302, 6, 1, '2020-08-18 12:48:36', 60000);

--
-- Indexes for dumped tables
--

--
-- Indexes for table `category`
--
ALTER TABLE `category`
  ADD PRIMARY KEY (`category_id`);

--
-- Indexes for table `history`
--
ALTER TABLE `history`
  ADD PRIMARY KEY (`history_id`);

--
-- Indexes for table `menu_items`
--
ALTER TABLE `menu_items`
  ADD PRIMARY KEY (`menu_id`);

--
-- Indexes for table `orders`
--
ALTER TABLE `orders`
  ADD PRIMARY KEY (`order_id`);

--
-- AUTO_INCREMENT for dumped tables
--

--
-- AUTO_INCREMENT for table `category`
--
ALTER TABLE `category`
  MODIFY `category_id` int(11) NOT NULL AUTO_INCREMENT, AUTO_INCREMENT=5;

--
-- AUTO_INCREMENT for table `history`
--
ALTER TABLE `history`
  MODIFY `history_id` int(11) NOT NULL AUTO_INCREMENT, AUTO_INCREMENT=303;

--
-- AUTO_INCREMENT for table `menu_items`
--
ALTER TABLE `menu_items`
  MODIFY `menu_id` int(11) NOT NULL AUTO_INCREMENT, AUTO_INCREMENT=13;

--
-- AUTO_INCREMENT for table `orders`
--
ALTER TABLE `orders`
  MODIFY `order_id` int(11) NOT NULL AUTO_INCREMENT, AUTO_INCREMENT=393;
COMMIT;

/*!40101 SET CHARACTER_SET_CLIENT=@OLD_CHARACTER_SET_CLIENT */;
/*!40101 SET CHARACTER_SET_RESULTS=@OLD_CHARACTER_SET_RESULTS */;
/*!40101 SET COLLATION_CONNECTION=@OLD_COLLATION_CONNECTION */;
